PLAYER,TEAM,GP,POSS,FREQ,PPP,PTS,FGM,FGA,FG%,EFG%,FT,TO,SF,ANDONE,SCORE,
Alex Stepheson,MEM,4,1,3.40%,0,0,0,1,0,0,0.00%,0.00%,0.00%,0.00%,0.00%,
Duje Dukan,SAC,1,1,14.30%,0,0,0,0,0,0,0.00%,100.00%,0.00%,0.00%,0.00%,
Briante Weber,MEM,6,1,1.60%,0,0,0,1,0,0,0.00%,0.00%,0.00%,0.00%,0.00%,
Elton Brand,PHI,17,1,0.70%,0,0,0,1,0,0,0.00%,0.00%,0.00%,0.00%,0.00%,
Bryce Cotton,PHX,3,1,5.30%,0,0,0,1,0,0,0.00%,0.00%,0.00%,0.00%,0.00%,
Spencer Dinwiddie,DET,14,2,2.90%,0,0,0,2,0,0,0.00%,0.00%,0.00%,0.00%,0.00%,
Josh Huestis,OKC,5,2,10.00%,0,0,0,2,0,0,0.00%,0.00%,0.00%,0.00%,0.00%,
Charlie Villanueva,DAL,62,2,0.80%,0,0,0,1,0,0,0.00%,50.00%,0.00%,0.00%,0.00%,
Salah Mejri,DAL,34,2,1.20%,0,0,0,1,0,0,0.00%,50.00%,0.00%,0.00%,0.00%,
Tyler Zeller,BOS,61,4,1.10%,0,0,0,4,0,0,0.00%,0.00%,0.00%,0.00%,0.00%,
Henry Sims,BKN,14,1,1.10%,2,2,1,1,100,100,0.00%,0.00%,0.00%,0.00%,100.00%,
Kris Humphries,WAS,28,7,4.30%,1.57,11,4,5,80,80,28.60%,0.00%,28.60%,0.00%,85.70%,
Jordan McRae,PHX,7,2,8.00%,1,2,1,2,50,50,0.00%,0.00%,0.00%,0.00%,50.00%,
Ryan Hollins,MEM,18,4,4.20%,1.75,7,3,4,75,87.5,0.00%,0.00%,0.00%,0.00%,75.00%,
Chris Andersen,MEM,20,3,2.30%,0.67,2,1,2,50,50,0.00%,33.30%,0.00%,0.00%,33.30%,
Dahntay Jones,CLE,1,3,15.00%,0.67,2,0,2,0,0,33.30%,0.00%,33.30%,0.00%,33.30%,
David West,SAS,78,3,0.50%,0.67,2,1,2,50,50,0.00%,33.30%,0.00%,0.00%,33.30%,
Cristiano Felicio,CHI,31,3,2.20%,0.67,2,1,3,33.3,33.3,0.00%,0.00%,0.00%,0.00%,33.30%,
Tarik Black,LAL,39,3,1.40%,0.67,2,1,1,100,100,33.30%,0.00%,66.70%,0.00%,33.30%,
Nate Robinson,NOP,2,3,27.30%,0.67,2,0,2,0,0,33.30%,0.00%,33.30%,0.00%,33.30%,
Cole Aldrich,LAC,60,4,1.00%,0.5,2,1,4,25,25,0.00%,0.00%,0.00%,0.00%,25.00%,
Jusuf Nurkic,DEN,32,4,1.70%,0.5,2,0,3,0,0,25.00%,0.00%,25.00%,0.00%,25.00%,
Jodie Meeks,DET,3,4,22.20%,0.5,2,1,4,25,25,0.00%,0.00%,0.00%,0.00%,25.00%,
Festus Ezeli,GSW,46,5,1.10%,0.4,2,1,3,33.3,33.3,0.00%,40.00%,0.00%,0.00%,20.00%,
Marreese Speights,GSW,72,6,1.20%,0.33,2,1,6,16.7,16.7,0.00%,0.00%,0.00%,0.00%,16.70%,
JaVale McGee,DAL,34,6,3.90%,0.33,2,1,6,16.7,16.7,0.00%,0.00%,0.00%,0.00%,16.70%,
Willie Reed,BKN,39,6,3.10%,0.33,2,0,5,0,0,16.70%,0.00%,16.70%,0.00%,16.70%,
Nene Hilario,WAS,57,8,1.60%,0.25,2,1,8,12.5,12.5,0.00%,0.00%,0.00%,0.00%,12.50%,
David Lee,BOS,30,2,0.90%,1.5,3,1,2,50,50,50.00%,0.00%,50.00%,50.00%,50.00%,
Anderson Varejao,CLE,31,1,0.70%,3,3,1,1,100,150,0.00%,0.00%,0.00%,0.00%,100.00%,
Drew Gooden,WAS,30,2,1.80%,1.5,3,1,2,50,75,0.00%,0.00%,0.00%,0.00%,50.00%,
Ray McCallum,MEM,10,2,2.60%,1.5,3,1,1,100,150,0.00%,50.00%,0.00%,0.00%,50.00%,
Carl Landry,PHI,36,3,1.20%,1,3,1,3,33.3,50,0.00%,0.00%,0.00%,0.00%,33.30%,
Caron Butler,SAC,17,3,5.70%,1,3,1,3,33.3,50,0.00%,0.00%,0.00%,0.00%,33.30%,
Brian Roberts,CHA,30,4,3.20%,0.75,3,1,4,25,37.5,0.00%,0.00%,0.00%,0.00%,25.00%,
Andre Miller,MIN,26,7,5.60%,0.86,6,2,5,40,60,0.00%,28.60%,0.00%,0.00%,28.60%,
John Jenkins,PHX,22,7,10.90%,0.43,3,1,6,16.7,25,0.00%,14.30%,0.00%,0.00%,14.30%,
Jared Cunningham,MIL,4,2,8.70%,2,4,1,2,50,75,50.00%,0.00%,50.00%,50.00%,50.00%,
Tony Wroten,PHI,8,2,5.30%,2,4,2,2,100,100,0.00%,0.00%,0.00%,0.00%,100.00%,
Phil Pressey,PHX,9,2,5.40%,3,6,2,2,100,150,0.00%,0.00%,0.00%,0.00%,100.00%,
Robert Sacre,LAL,25,5,3.50%,0.8,4,2,5,40,40,0.00%,0.00%,0.00%,0.00%,40.00%,
Josh McRoberts,MIA,42,6,2.30%,0.67,4,1,5,20,20,16.70%,0.00%,16.70%,0.00%,33.30%,
Roy Hibbert,LAL,81,6,0.80%,0.67,4,2,6,33.3,33.3,0.00%,0.00%,0.00%,0.00%,33.30%,
Kyle O'Quinn,NYK,65,7,1.70%,0.57,4,2,7,28.6,28.6,0.00%,0.00%,0.00%,0.00%,28.60%,
Tim Duncan,SAS,61,8,1.20%,0.5,4,2,7,28.6,28.6,0.00%,12.50%,0.00%,0.00%,25.00%,
Aron Baynes,DET,81,4,0.60%,1.25,5,2,4,50,62.5,0.00%,0.00%,0.00%,0.00%,50.00%,
Amare Stoudemire,MIA,52,4,1.00%,1.25,5,2,4,50,62.5,0.00%,0.00%,0.00%,0.00%,50.00%,
Donatas Motiejunas,HOU,37,5,2.20%,1,5,2,5,40,50,0.00%,0.00%,0.00%,0.00%,40.00%,
Marc Gasol,MEM,52,7,1.10%,0.71,5,2,6,33.3,41.7,0.00%,14.30%,0.00%,0.00%,28.60%,
Timofey Mozgov,CLE,76,3,0.50%,2,6,3,3,100,100,0.00%,0.00%,0.00%,0.00%,100.00%,
Clint Capela,HOU,77,5,0.80%,1.2,6,3,5,60,60,0.00%,0.00%,0.00%,0.00%,60.00%,
Brandan Wright,MEM,12,5,6.00%,1.2,6,3,5,60,60,0.00%,0.00%,0.00%,0.00%,60.00%,
Kendrick Perkins,NOP,38,6,2.40%,1,6,3,6,50,50,0.00%,0.00%,0.00%,0.00%,50.00%,
Joffrey Lauvergne,DEN,59,9,2.30%,0.67,6,3,8,37.5,37.5,0.00%,11.10%,0.00%,0.00%,33.30%,
Maurice Williams,CLE,41,9,3.60%,0.67,6,3,9,33.3,33.3,0.00%,0.00%,0.00%,0.00%,33.30%,
Jordan Farmar,MEM,12,9,8.00%,0.67,6,2,7,28.6,42.9,0.00%,22.20%,0.00%,0.00%,22.20%,
Kevin Garnett,MIN,38,9,4.70%,0.67,6,3,9,33.3,33.3,0.00%,0.00%,0.00%,0.00%,33.30%,
Kevin Seraphin,NYK,49,4,1.60%,1.75,7,2,3,66.7,83.3,25.00%,0.00%,25.00%,0.00%,75.00%,
Miles Plumlee,MIL,61,5,1.50%,1.4,7,3,5,60,70,0.00%,0.00%,0.00%,0.00%,60.00%,
Kendall Marshall,PHI,30,5,3.50%,1.4,7,3,5,60,60,20.00%,0.00%,20.00%,20.00%,60.00%,
Jason Thompson,TOR,19,6,6.30%,1.17,7,2,3,66.7,66.7,33.30%,16.70%,33.30%,0.00%,66.70%,
Michael Beasley,HOU,20,6,5.00%,1.17,7,2,4,50,62.5,16.70%,16.70%,16.70%,0.00%,50.00%,
Tim Frazier,NOP,16,6,3.60%,1.17,7,3,6,50,58.3,0.00%,0.00%,0.00%,0.00%,50.00%,
Spencer Hawes,CHA,57,7,1.50%,1,7,2,6,33.3,41.7,14.30%,0.00%,14.30%,0.00%,42.90%,
Jordan Hill,IND,73,8,1.10%,0.88,7,3,8,37.5,43.8,0.00%,0.00%,0.00%,0.00%,37.50%,
Thomas Robinson,BKN,71,9,2.80%,0.78,7,3,7,42.9,42.9,11.10%,22.20%,11.10%,11.10%,33.30%,
Jarell Martin,MEM,27,5,3.90%,1.8,9,2,3,66.7,83.3,40.00%,0.00%,40.00%,0.00%,80.00%,
Tiago Splitter,ATL,36,6,2.20%,1.5,9,2,4,50,62.5,33.30%,0.00%,33.30%,0.00%,66.70%,
Ian Mahinmi,IND,71,9,1.00%,1,9,3,6,50,50,22.20%,11.10%,22.20%,0.00%,55.60%,
Shabazz Napier,ORL,55,9,3.80%,1,9,3,7,42.9,50,11.10%,11.10%,11.10%,0.00%,44.40%,
Dewayne Dedmon,ORL,58,7,2.60%,1.43,10,2,4,50,50,42.90%,0.00%,42.90%,0.00%,71.40%,
Joakim Noah,CHI,29,6,1.80%,1.83,11,4,5,80,90,33.30%,0.00%,33.30%,16.70%,83.30%,
Alex Len,PHX,78,7,0.80%,1.57,11,5,7,71.4,78.6,0.00%,0.00%,0.00%,0.00%,71.40%,
Alexis Ajinca,NOP,59,6,1.50%,2,12,5,6,83.3,100,0.00%,0.00%,0.00%,0.00%,83.30%,
John Henson,MIL,57,7,1.80%,1.71,12,5,7,71.4,85.7,0.00%,0.00%,0.00%,0.00%,71.40%,
Richaun Holmes,PHI,51,8,2.40%,1.5,12,2,4,50,62.5,37.50%,12.50%,37.50%,0.00%,62.50%,
Jeff Withey,UTA,51,9,3.10%,1.33,12,6,9,66.7,66.7,0.00%,0.00%,0.00%,0.00%,66.70%,
Johnny OBryant,MIL,66,9,3.10%,1.44,13,4,8,50,68.8,11.10%,0.00%,11.10%,0.00%,55.60%,
Tyus Jones,MIN,37,9,4.40%,1.44,13,4,7,57.1,85.7,11.10%,11.10%,11.10%,0.00%,55.60%,
Xavier Munford,MEM,14,9,9.50%,1.56,14,5,6,83.3,116.7,0.00%,33.30%,0.00%,0.00%,55.60%,
Aaron Brooks,CHI,69,21,5.20%,0.86,18,6,18,33.3,38.9,9.50%,4.80%,9.50%,0.00%,38.10%,66.1
Aaron Gordon,ORL,78,37,5.90%,0.62,23,8,28,28.6,32.1,10.80%,16.20%,10.80%,2.70%,29.70%,92.9
Al Horford,ATL,82,14,1.20%,0.64,9,4,14,28.6,32.1,0.00%,0.00%,0.00%,0.00%,28.60%,92.3
Alan Anderson,WAS,13,13,17.30%,0.85,11,3,10,30,40,15.40%,7.70%,15.40%,0.00%,38.50%,68.2
Al Jefferson,CHA,47,15,3.00%,0.93,14,7,14,50,50,0.00%,6.70%,0.00%,0.00%,46.70%,47.8
Alec Burks,UTA,31,27,11.10%,1.15,31,11,23,47.8,58.7,7.40%,7.40%,7.40%,0.00%,48.10%,17.6
Al Farouq Aminu,POR,82,63,8.70%,0.89,56,22,55,40,46.4,4.80%,7.90%,4.80%,0.00%,39.70%,58.4
Axel Toupane,DEN,21,10,8.20%,0.8,8,3,7,42.9,42.9,10.00%,20.00%,10.00%,0.00%,40.00%,74.6
Greg Monroe,MIL,79,10,1.30%,0.9,9,4,9,44.4,44.4,10.00%,0.00%,0.00%,0.00%,50.00%,56.3
James Ennis,NOP,9,14,15.40%,1.14,16,6,12,50,62.5,7.10%,7.10%,7.10%,0.00%,50.00%,18.7
Jordan Hamilton,NOP,11,13,14.80%,1.15,15,6,13,46.2,57.7,0.00%,0.00%,0.00%,0.00%,46.20%,16.7
Josh Smith,HOU,23,10,5.50%,1.1,11,3,9,33.3,50,10.00%,0.00%,0.00%,0.00%,40.00%,24.8
Brandon Jennings,ORL,25,10,6.40%,0.2,2,1,10,10,10,0.00%,0.00%,0.00%,0.00%,10.00%,100
Jared Sullinger,BOS,81,11,1.40%,0.36,4,1,10,10,15,9.10%,0.00%,9.10%,0.00%,18.20%,99.7
Bryce Dejean-Jones,NOP,14,12,15.60%,0.42,5,1,9,11.1,11.1,16.70%,8.30%,16.70%,0.00%,25.00%,99.1
Kirk Hinrich,CHI,36,12,5.00%,0.42,5,2,12,16.7,16.7,8.30%,0.00%,8.30%,8.30%,16.70%,99.1
Nikola Vucevic,ORL,65,10,1.20%,0.6,6,3,9,33.3,33.3,0.00%,10.00%,0.00%,0.00%,30.00%,94
Terrence Jones,HOU,50,11,3.20%,0.55,6,3,11,27.3,27.3,0.00%,0.00%,0.00%,0.00%,27.30%,96.1
Greivis Vasquez,MIL,23,13,9.00%,0.46,6,3,11,27.3,27.3,0.00%,15.40%,0.00%,0.00%,23.10%,97.3
Bobby Portis,CHI,62,12,2.60%,0.5,6,3,11,27.3,27.3,0.00%,8.30%,0.00%,0.00%,25.00%,97
Ed Davis,POR,81,14,1.80%,0.43,6,2,12,16.7,16.7,7.10%,7.10%,7.10%,0.00%,21.40%,98.5
Anthony Tolliver,DET,72,15,3.10%,0.53,8,4,15,26.7,26.7,0.00%,0.00%,0.00%,0.00%,26.70%,96.7
Jon Leuer,PHX,67,11,2.40%,0.91,10,3,8,37.5,43.8,18.20%,18.20%,9.10%,9.10%,36.40%,53.9
Tyler Ennis,MIL,46,14,6.00%,0.86,12,4,10,40,45,14.30%,14.30%,14.30%,0.00%,42.90%,66.1
Sean Kilpatrick,BKN,22,19,16.00%,0.79,15,6,15,40,50,5.30%,21.10%,5.30%,5.30%,31.60%,76.9
Rudy Gobert,UTA,61,11,1.30%,0.73,8,4,8,50,50,0.00%,27.30%,0.00%,0.00%,36.40%,87.2
Metta World Peace,LAL,35,18,9.50%,0.44,8,3,13,23.1,30.8,0.00%,27.80%,0.00%,0.00%,16.70%,98.2
Troy Daniels,CHA,43,11,7.70%,0.82,9,4,10,40,45,0.00%,9.10%,0.00%,0.00%,36.40%,72.1
Andrew Bogut,GSW,70,10,1.30%,0.9,9,3,9,33.3,38.9,20.00%,0.00%,20.00%,10.00%,40.00%,56.3
Channing Frye,ORL,44,10,3.80%,0.9,9,3,7,42.9,42.9,20.00%,10.00%,10.00%,0.00%,50.00%,56.3
Jonas Valanciunas,TOR,60,12,1.70%,0.92,11,4,10,40,45,8.30%,8.30%,8.30%,0.00%,41.70%,52.7
Quincy Acy,SAC,59,11,3.60%,0.82,9,3,11,27.3,40.9,0.00%,0.00%,0.00%,0.00%,27.30%,72.1
James Anderson,SAC,51,19,6.90%,0.68,13,6,17,35.3,38.2,0.00%,5.30%,5.30%,0.00%,31.60%,89.3
Justin Holiday,CHI,27,19,9.50%,0.79,15,5,17,29.4,35.3,15.80%,0.00%,15.80%,5.30%,36.80%,76.9
Ty Lawson,HOU,53,20,5.60%,0.45,9,4,18,22.2,25,0.00%,5.00%,5.00%,0.00%,20.00%,97.9
Zaza Pachulia,DAL,76,16,1.80%,0.75,12,6,14,42.9,42.9,0.00%,12.50%,0.00%,0.00%,37.50%,83.7
Chris McCullough,BKN,24,14,9.80%,0.71,10,4,12,33.3,37.5,7.10%,7.10%,7.10%,0.00%,35.70%,88.1
Mike Scott,ATL,75,10,2.80%,1.1,11,4,9,44.4,55.6,10.00%,0.00%,10.00%,0.00%,50.00%,24.8
Sonny Weems,PHX,36,10,8.70%,1.1,11,4,10,40,55,0.00%,0.00%,0.00%,0.00%,40.00%,24.8
DJ Augustin,DEN,28,14,6.80%,1.14,16,5,12,41.7,58.3,7.10%,7.10%,7.10%,0.00%,42.90%,18.7
Nikola Jokic,DEN,80,14,1.90%,0.86,12,5,11,45.5,50,7.10%,14.30%,7.10%,0.00%,42.90%,66.1
Marcelo Huertas,LAL,53,14,4.40%,0.79,11,5,14,35.7,39.3,0.00%,0.00%,0.00%,0.00%,35.70%,78.5
Seth Curry,SAC,44,17,7.80%,1,17,6,14,42.9,60.7,0.00%,17.60%,0.00%,0.00%,35.30%,36.6
Jahil Okafor,PHI,53,15,1.90%,0.73,11,5,14,35.7,35.7,6.70%,6.70%,6.70%,6.70%,33.30%,85.7
Rasual Butler,SAS,39,10,7.60%,1.2,12,5,9,55.6,66.7,0.00%,10.00%,0.00%,0.00%,50.00%,13.2
Kosta Koufos,SAC,78,13,1.80%,1.08,14,6,13,46.2,53.8,0.00%,0.00%,0.00%,0.00%,46.20%,28.6
Reggie Bullock,DET,37,19,13.50%,0.79,15,5,14,35.7,35.7,15.80%,10.50%,15.80%,0.00%,42.10%,76.9
Pau Gasol,CHI,72,16,1.50%,0.75,12,5,14,35.7,39.3,6.30%,12.50%,6.30%,6.30%,31.30%,83.7
Tyson Chandler,PHX,66,16,2.50%,0.75,12,3,13,23.1,26.9,18.80%,0.00%,18.80%,0.00%,37.50%,83.7
Justin Anderson,DAL,56,22,12.60%,0.73,16,7,21,33.3,35.7,9.10%,0.00%,9.10%,4.50%,36.40%,87.2
Myles Turner,IND,60,16,2.60%,0.75,12,5,15,33.3,36.7,6.30%,0.00%,6.30%,0.00%,37.50%,83.7
Sergey Karasev,BKN,35,16,11.90%,0.75,12,5,12,41.7,45.8,6.30%,18.80%,6.30%,0.00%,37.50%,83.7
Ryan Anderson,NOP,66,18,2.40%,0.67,12,5,17,29.4,35.3,0.00%,5.60%,0.00%,0.00%,27.80%,91.3
PJ Hairston,CHA,48,49,14.30%,1.37,67,26,41,63.4,75.6,6.10%,10.20%,6.10%,0.00%,59.20%,5.7
Jonas Jerebko,BOS,78,12,3.00%,1.25,15,6,12,50,62.5,0.00%,0.00%,0.00%,0.00%,50.00%,9.3
C.J. Watson,ORL,33,13,6.40%,1.23,16,6,12,50,50,23.10%,0.00%,15.40%,15.40%,53.80%,10.7
Ryan Kelly,LAL,36,14,8.60%,1.14,16,7,13,53.8,61.5,0.00%,7.10%,0.00%,0.00%,50.00%,18.7
Joe Young,IND,36,15,10.80%,0.87,13,4,10,40,45,13.30%,20.00%,6.70%,0.00%,40.00%,63.2
Mason Plumlee,POR,82,18,1.80%,0.72,13,6,17,35.3,35.3,5.60%,0.00%,5.60%,0.00%,38.90%,87.8
DeAndre Jordan,LAC,77,20,1.50%,0.65,13,6,17,35.3,35.3,10.00%,10.00%,5.00%,5.00%,35.00%,91.7
Darrell Arthur,DEN,70,21,3.80%,0.62,13,5,19,26.3,28.9,9.50%,0.00%,9.50%,0.00%,28.60%,93.2
Manu Ginobili,SAS,58,24,8.60%,0.67,16,6,22,27.3,34.1,4.20%,4.20%,4.20%,0.00%,29.20%,91.3
Donald Sloan,BKN,61,27,5.70%,0.56,15,6,23,26.1,28.3,3.70%,11.10%,3.70%,0.00%,25.90%,95.8
Nick Collison,OKC,59,10,3.40%,1.4,14,6,10,60,70,0.00%,0.00%,0.00%,0.00%,60.00%,3.9
Enes Kanter,OKC,82,11,1.60%,1.27,14,5,10,50,55,9.10%,0.00%,9.10%,0.00%,54.50%,7.5
Ian Clark,GSW,54,11,5.30%,1.27,14,5,10,50,60,9.10%,0.00%,9.10%,0.00%,54.50%,7.5
Nemanja Bjelica,MIN,60,13,2.80%,1.08,14,6,11,54.5,63.6,0.00%,15.40%,0.00%,0.00%,46.20%,28.6
JaKarr Sampson,PHI,47,31,12.60%,0.77,24,8,25,32,40,9.70%,9.70%,9.70%,0.00%,35.50%,79.7
Marcin Gortat,WAS,75,16,1.40%,0.88,14,7,16,43.8,43.8,0.00%,0.00%,0.00%,0.00%,43.80%,61.3
Marcus Thornton,HOU,47,24,11.00%,0.58,14,6,21,28.6,33.3,0.00%,12.50%,0.00%,0.00%,25.00%,94.3
Kostas Papanikolaou,DEN,26,25,21.60%,0.56,14,6,22,27.3,31.8,0.00%,12.00%,0.00%,0.00%,24.00%,95.2
Kyle Singler,OKC,68,26,8.40%,0.54,14,5,22,22.7,25,11.50%,3.80%,11.50%,0.00%,26.90%,96.4
Pablo Prigioni,LAC,59,14,5.00%,1.43,20,8,14,57.1,71.4,0.00%,0.00%,0.00%,0.00%,57.10%,3
Brandon Bass,LAL,66,12,2.30%,1.25,15,6,11,54.5,68.2,0.00%,8.30%,0.00%,0.00%,50.00%,9.3
Omer Asik,NOP,68,13,2.40%,1.15,15,7,12,58.3,62.5,0.00%,7.70%,0.00%,0.00%,53.80%,16.7
Dirk Nowitzki,DAL,75,16,1.70%,0.94,15,6,15,40,43.3,6.30%,0.00%,6.30%,0.00%,43.80%,46.9
Bismack Biyombo,TOR,82,16,2.00%,0.94,15,7,13,53.8,53.8,6.30%,12.50%,0.00%,0.00%,50.00%,46.9
Hassan Whiteside,MIA,73,20,1.70%,0.85,17,7,19,36.8,36.8,10.00%,0.00%,10.00%,5.00%,40.00%,67
Blake Griffin,LAC,35,21,4.90%,0.81,17,6,18,33.3,38.9,9.50%,4.80%,9.50%,0.00%,38.10%,73.5
Meyers Leonard,POR,62,22,3.30%,0.68,15,6,21,28.6,35.7,0.00%,4.50%,0.00%,0.00%,27.30%,89.6
Michael Kidd-Gilchrist,CHA,7,10,11.40%,1.6,16,6,10,60,80,0.00%,0.00%,0.00%,0.00%,60.00%,0.6
Robin Lopez,NYK,82,13,1.20%,1.23,16,7,12,58.3,62.5,7.70%,7.70%,7.70%,7.70%,53.80%,10.7
Dwight Howard,HOU,71,14,1.60%,1.14,16,7,14,50,57.1,0.00%,0.00%,0.00%,0.00%,50.00%,18.7
Markieff Morris,WAS,27,17,5.20%,1,17,6,17,35.3,50,0.00%,0.00%,0.00%,0.00%,35.30%,36.6
Andrew Nicholson,ORL,56,16,5.60%,1,16,4,13,30.8,42.3,18.80%,0.00%,18.80%,0.00%,43.80%,36.6
Solomon Hill,IND,59,23,8.10%,0.78,18,6,20,30,35,8.70%,4.30%,4.30%,0.00%,34.80%,78.9
Jason Smith,ORL,76,11,2.50%,1.55,17,7,11,63.6,77.3,0.00%,0.00%,0.00%,0.00%,63.60%,1.8
JaMychal Green,MEM,78,15,2.70%,1.27,19,6,13,46.2,61.5,13.30%,0.00%,6.70%,0.00%,53.30%,8.7
Kelly Olynyk,BOS,69,15,2.30%,1.13,17,6,12,50,58.3,13.30%,6.70%,13.30%,0.00%,53.30%,20.8
Mike Dunleavy,CHI,31,23,10.70%,0.87,20,8,20,40,50,4.30%,13.00%,4.30%,4.30%,34.80%,62.3
Joe Johnson,BKN,57,73,12.40%,0.97,71,26,64,40.6,50.8,5.50%,8.20%,5.50%,1.40%,39.70%,42
Lavoy Allen,IND,79,24,3.80%,0.79,19,8,21,38.1,40.5,4.20%,8.30%,4.20%,0.00%,37.50%,75.8
Cody Zeller,CHA,73,12,1.60%,1.5,18,7,10,70,80,8.30%,8.30%,8.30%,0.00%,66.70%,2.1
Brook Lopez,BKN,74,22,2.20%,0.82,18,7,20,35,35,9.10%,0.00%,9.10%,0.00%,40.90%,72.1
Trey Lyles,UTA,80,26,5.40%,0.77,20,8,24,33.3,39.6,3.80%,3.80%,3.80%,0.00%,34.60%,80.9
Jonathan Simmons,SAS,55,27,11.30%,0.67,18,8,22,36.4,38.6,3.70%,14.80%,0.00%,0.00%,33.30%,91.3
Draymond Green,GSW,81,40,3.30%,0.45,18,5,32,15.6,15.6,12.50%,7.50%,10.00%,0.00%,25.00%,97.9
Andrea Bargnani,BKN,46,12,5.20%,1.58,19,8,11,72.7,86.4,0.00%,8.30%,0.00%,0.00%,66.70%,0.9
Jeff Green,MEM,53,45,9.30%,1.31,59,21,39,53.8,66.7,8.90%,6.70%,4.40%,2.20%,53.30%,6.5
Norman Powell,TOR,49,22,8.60%,0.86,19,7,19,36.8,44.7,4.50%,9.10%,4.50%,0.00%,36.40%,63.9
Lamar Patterson,ATL,35,19,15.30%,1,19,7,17,41.2,50,5.30%,5.30%,5.30%,0.00%,42.10%,36.6
Randy Foye,DEN,54,37,10.20%,1.08,40,15,31,48.4,54.8,10.80%,8.10%,10.80%,2.70%,48.60%,27.7
Gorgui Dieng,MIN,82,23,2.50%,0.83,19,8,22,36.4,40.9,4.30%,0.00%,4.30%,0.00%,39.10%,70.2
Patrick Patterson,TOR,79,25,3.70%,0.96,24,9,24,37.5,45.8,4.00%,0.00%,4.00%,0.00%,40.00%,43.2
Kenneth Faried,DEN,67,24,3.90%,0.79,19,8,23,34.8,41.3,0.00%,4.20%,0.00%,0.00%,33.30%,75.8
Steve Blake,DET,58,27,6.40%,0.7,19,7,23,30.4,34.8,7.40%,7.40%,3.70%,0.00%,33.30%,88.4
Paul Pierce,LAC,68,28,7.50%,0.68,19,7,25,28,34,7.10%,3.60%,7.10%,0.00%,32.10%,90.2
Luis Scola,TOR,76,30,5.10%,0.63,19,9,26,34.6,36.5,0.00%,13.30%,0.00%,0.00%,30.00%,92.6
Jared Dudley,WAS,81,23,3.20%,0.87,20,7,20,35,40,8.70%,4.30%,4.30%,0.00%,39.10%,62.3
Steven Adams,OKC,80,25,2.50%,0.8,20,9,24,37.5,39.6,4.00%,0.00%,0.00%,0.00%,40.00%,74.6
Kyle Anderson,SAS,78,28,7.10%,0.79,22,9,24,37.5,43.8,3.60%,10.70%,3.60%,0.00%,35.70%,78.5
Darrun Hilliard,DET,38,15,14.40%,1.4,21,8,15,53.3,66.7,13.30%,0.00%,13.30%,13.30%,53.30%,3.9
DeMarcus Cousins,SAC,65,18,1.70%,1.17,21,9,16,56.3,62.5,5.60%,11.10%,5.60%,5.60%,50.00%,15.8
Zach Randolph,MEM,68,24,3.20%,0.96,23,9,21,42.9,45.2,12.50%,4.20%,12.50%,4.20%,45.80%,43.5
Norris Cole,NOP,45,24,6.60%,0.88,21,8,20,40,42.5,8.30%,8.30%,8.30%,0.00%,41.70%,61.3
OJ Mayo,MIL,41,25,7.50%,0.84,21,7,19,36.8,44.7,8.00%,16.00%,8.00%,0.00%,36.00%,69
Raul Neto,UTA,81,34,5.80%,0.62,21,8,31,25.8,33.9,0.00%,8.80%,0.00%,0.00%,23.50%,93.7
Derrick Favors,UTA,62,34,4.30%,0.62,21,10,31,32.3,33.9,0.00%,8.80%,0.00%,0.00%,29.40%,93.7
Dennis Schroder,ATL,80,27,4.90%,1,27,9,22,40.9,50,11.10%,11.10%,7.40%,3.70%,40.70%,36.6
Kelly Oubre Jr.,WAS,63,30,11.90%,1,30,11,27,40.7,48.1,10.00%,0.00%,6.70%,0.00%,43.30%,36.6
Julius Randle,LAL,81,38,4.80%,0.74,28,12,36,33.3,37.5,5.30%,2.60%,5.30%,2.60%,34.20%,84.8
Dwight Powell,DAL,69,16,3.70%,1.44,23,7,12,58.3,75,18.80%,6.30%,18.80%,0.00%,62.50%,2.7
Nerlens Noel,PHI,67,19,2.10%,1.21,23,8,16,50,59.4,10.50%,5.30%,5.30%,0.00%,52.60%,12.8
Lance Stephenson,MEM,26,34,16.90%,1.15,39,12,29,41.4,53.4,11.80%,5.90%,11.80%,2.90%,44.10%,18.2
Larry Nance,LAL,63,26,6.50%,1.08,28,12,23,52.2,60.9,0.00%,11.50%,0.00%,0.00%,46.20%,28.6
Trevor Booker,UTA,79,23,4.10%,1,23,7,19,36.8,50,13.00%,4.30%,13.00%,0.00%,39.10%,36.6
Ramon Sessions,WAS,82,27,4.50%,0.93,25,8,21,38.1,47.6,7.40%,14.80%,7.40%,0.00%,37.00%,50.7
Kevin Love,CLE,77,29,3.20%,0.86,25,11,27,40.7,46.3,0.00%,6.90%,0.00%,0.00%,37.90%,64.5
Shelvin Mack,UTA,28,30,8.30%,0.87,26,10,28,35.7,44.6,3.30%,3.30%,3.30%,0.00%,36.70%,63.2
Patty Mills,SAS,81,31,5.00%,1,31,12,25,48,54,9.70%,12.90%,9.70%,3.20%,45.20%,36.6
LaMarcus Aldridge,SAS,74,33,3.60%,0.79,26,10,27,37,40.7,6.10%,12.10%,6.10%,0.00%,36.40%,77.4
Anthony Morrow,OKC,68,33,12.90%,0.7,23,10,29,34.5,39.7,0.00%,12.10%,0.00%,0.00%,30.30%,88.7
Tobias Harris,ORL,49,41,8.90%,0.88,36,16,37,43.2,47.3,4.90%,7.30%,2.40%,2.40%,41.50%,60
Karl-Anthony Towns,MIN,82,21,2.00%,1.14,24,9,20,45,55,4.80%,0.00%,4.80%,0.00%,47.60%,18.7
Amir Johnson,BOS,79,24,3.20%,1.13,27,11,22,50,56.8,4.20%,4.20%,4.20%,0.00%,50.00%,22.3
Gary Neal,WAS,40,23,10.30%,1.04,24,8,19,42.1,50,8.70%,8.70%,4.30%,0.00%,43.50%,32.2
Boris Diaw,SAS,76,23,4.70%,1.04,24,10,21,47.6,54.8,4.30%,4.30%,4.30%,0.00%,47.80%,32.2
Willie Cauley-Stein,SAC,66,25,4.50%,1.12,28,10,23,43.5,60.9,0.00%,8.00%,0.00%,0.00%,40.00%,23.2
Devin Harris,DAL,64,26,6.20%,1.08,28,11,25,44,50,3.80%,0.00%,3.80%,0.00%,46.20%,28.6
Mike Conley,MEM,56,31,4.90%,0.81,25,10,27,37,42.6,6.50%,9.70%,6.50%,3.20%,35.50%,73.8
Matthew Dellavedova,CLE,76,37,4.90%,0.68,25,11,35,31.4,35.7,0.00%,5.40%,0.00%,0.00%,29.70%,90.5
Ish Smith,PHI,50,49,8.40%,0.76,37,15,43,34.9,40.7,2.00%,10.20%,0.00%,0.00%,32.70%,81.3
Anthony Brown,LAL,29,24,11.80%,1.08,26,9,20,45,55,12.50%,4.20%,12.50%,0.00%,50.00%,26.9
Glenn Robinson III,IND,45,27,18.00%,0.96,26,10,25,40,50,3.70%,3.70%,3.70%,0.00%,40.70%,42.9
Mario Chalmers,MEM,55,28,6.20%,0.93,26,10,26,38.5,46.2,3.60%,3.60%,0.00%,0.00%,39.30%,49.3
Anthony Davis,NOP,61,28,3.10%,0.93,26,9,26,34.6,42.3,10.70%,0.00%,10.70%,3.60%,39.30%,49.3
Chris Johnson,UTA,70,29,8.90%,0.93,27,11,27,40.7,46.3,6.90%,3.40%,6.90%,3.40%,41.40%,48.7
Andre Drummond,DET,81,30,2.10%,0.87,26,12,27,44.4,44.4,3.30%,6.70%,3.30%,0.00%,43.30%,63.2
Tyreke Evans,NOP,25,22,9.10%,1.23,27,11,22,50,61.4,0.00%,0.00%,0.00%,0.00%,50.00%,11.3
Leandro Barbosa,GSW,68,25,8.10%,1.16,29,10,23,43.5,50,8.00%,0.00%,8.00%,0.00%,48.00%,16.4
Chris Bosh,MIA,53,25,3.70%,1.08,27,10,22,45.5,54.5,8.00%,4.00%,8.00%,0.00%,48.00%,28
Chase Budinger,IND,49,29,13.40%,0.93,27,11,25,44,52,3.40%,10.30%,3.40%,0.00%,41.40%,48.7
Rashad Vaughn,MIL,70,38,12.80%,0.89,34,15,33,45.5,48.5,2.60%,10.50%,0.00%,0.00%,42.10%,57.1
Taj Gibson,CHI,73,37,4.70%,0.73,27,11,34,32.4,38.2,2.70%,5.40%,2.70%,0.00%,32.40%,86.3
Cory Joseph,TOR,80,47,6.20%,0.57,27,12,44,27.3,30.7,0.00%,6.40%,0.00%,0.00%,25.50%,94.6
Archie Goodwin,PHX,57,22,5.40%,1.27,28,11,19,57.9,73.7,0.00%,13.60%,0.00%,0.00%,50.00%,7.5
Vince Carter,MEM,60,24,7.80%,1.17,28,11,23,47.8,60.9,4.20%,4.20%,4.20%,4.20%,45.80%,15.8
Trey Burke,UTA,65,26,5.60%,1.08,28,10,23,43.5,56.5,7.70%,7.70%,7.70%,3.80%,42.30%,28.6
Courtney Lee,MEM,51,53,12.40%,1.13,60,21,47,44.7,58.5,5.70%,7.50%,5.70%,1.90%,43.40%,21.1
Jarrett Jack,BKN,32,33,8.90%,0.85,28,9,24,37.5,45.8,15.20%,15.20%,12.10%,3.00%,36.40%,67.6
James Johnson,TOR,57,38,11.00%,0.79,30,11,33,33.3,40.9,7.90%,13.20%,7.90%,7.90%,28.90%,76.9
Beno Udrih,MIA,36,15,6.50%,2,30,11,15,73.3,96.7,6.70%,0.00%,6.70%,6.70%,73.30%,0
Josh Richardson,MIA,53,29,6.80%,1.17,34,11,23,47.8,60.9,13.80%,10.30%,13.80%,3.40%,48.30%,15.5
Eric Bledsoe,PHX,33,23,5.20%,1.3,30,12,19,63.2,76.3,4.30%,13.00%,4.30%,0.00%,56.50%,6.8
Noah Vonleh,POR,78,25,5.60%,1.2,30,12,23,52.2,63,4.00%,4.00%,4.00%,0.00%,52.00%,13.2
Tyler Johnson,MIA,36,33,11.10%,0.91,30,12,29,41.4,50,6.10%,6.10%,3.00%,0.00%,39.40%,53.9
Kristaps Porzingis,NYK,72,34,3.80%,0.88,30,13,31,41.9,43.5,8.80%,2.90%,8.80%,2.90%,44.10%,59.5
Kyrie Irving,CLE,53,35,6.80%,0.86,30,10,26,38.5,48.1,8.60%,17.10%,8.60%,0.00%,37.10%,66.1
Eric Gordon,NOP,45,54,13.40%,0.56,30,12,46,26.1,28.3,3.70%,11.10%,3.70%,0.00%,25.90%,95.8
Tristan Thompson,CLE,82,29,2.90%,1.14,33,14,26,53.8,59.6,6.90%,6.90%,3.40%,3.40%,51.70%,20.2
T.J. McConnell,PHI,81,33,6.10%,1.12,37,16,28,57.1,58.9,6.10%,9.10%,6.10%,0.00%,54.50%,22.9
Tim Hardaway Jr.,ATL,51,36,13.20%,0.86,31,12,34,35.3,44.1,2.80%,5.60%,2.80%,2.80%,33.30%,65.1
Shaun Livingston,GSW,78,44,7.50%,0.8,35,12,37,32.4,41.9,6.80%,9.10%,6.80%,0.00%,34.10%,75.3
Rodney Stuckey,IND,58,48,12.90%,0.65,31,12,44,27.3,35.2,0.00%,8.30%,0.00%,0.00%,25.00%,92
Cameron Payne,OKC,57,25,9.40%,1.28,32,11,21,52.4,64.3,16.00%,4.00%,16.00%,4.00%,56.00%,7.1
Jameer Nelson,DEN,39,31,9.00%,1.03,32,14,30,46.7,53.3,0.00%,3.20%,0.00%,0.00%,45.20%,33
Jerian Grant,NYK,76,29,6.90%,1.34,39,12,26,46.2,63.5,10.30%,0.00%,6.90%,0.00%,51.70%,6
Jason Terry,HOU,72,27,6.50%,1.22,33,10,21,47.6,64.3,11.10%,11.10%,0.00%,0.00%,48.10%,11.9
Nikola Mirotic,CHI,66,32,5.00%,1.19,38,13,27,48.1,61.1,9.40%,9.40%,9.40%,3.10%,46.90%,14.6
TJ Warren,PHX,47,30,10.60%,1.1,33,12,25,48,58,10.00%,10.00%,10.00%,3.30%,46.70%,24.8
CJ Miles,IND,64,40,9.00%,0.88,35,13,33,39.4,47,5.00%,12.50%,2.50%,0.00%,37.50%,61.3
Luke Babbitt,NOP,47,24,8.10%,1.63,39,17,23,73.9,84.8,0.00%,4.20%,0.00%,0.00%,70.80%,0.3
Shane Larkin,BKN,78,33,5.40%,1.24,41,14,29,48.3,65.5,6.10%,6.10%,6.10%,0.00%,48.50%,10.4
Frank Kaminsky,CHA,81,38,5.50%,0.92,35,14,36,38.9,44.4,5.30%,0.00%,5.30%,0.00%,42.10%,51.2
DeMarre Carroll,TOR,26,38,13.90%,0.95,36,14,36,38.9,47.2,5.30%,0.00%,5.30%,0.00%,42.10%,44
Mario Hezonja,ORL,79,47,10.70%,0.79,37,14,40,35,38.8,8.50%,8.50%,6.40%,2.10%,36.20%,77.9
Ersan Ilyasova,DET,52,23,4.70%,1.57,36,15,21,71.4,81,8.70%,8.70%,8.70%,8.70%,65.20%,1.5
Toney Douglas,NOP,61,37,8.50%,0.97,36,12,32,37.5,43.8,13.50%,5.40%,10.80%,5.40%,40.50%,41.5
Chandler Parsons,DAL,61,37,7.60%,0.97,36,16,32,50,56.3,0.00%,13.50%,0.00%,0.00%,43.20%,41.5
Ronnie Price,PHX,62,40,8.80%,0.98,39,15,37,40.5,50,5.00%,7.50%,5.00%,5.00%,37.50%,40.8
Joe Ingles,UTA,81,43,13.00%,0.84,36,14,38,36.8,44.7,4.70%,7.00%,4.70%,0.00%,34.90%,69.3
Derrick Rose,CHI,66,47,6.70%,0.79,37,15,42,35.7,44,0.00%,10.60%,0.00%,0.00%,31.90%,77.9
ETwaun Moore,CHI,59,39,8.90%,0.97,38,14,36,38.9,47.2,10.30%,2.60%,10.30%,5.10%,41.00%,41.1
Robert Covington,PHI,67,41,7.20%,0.93,38,12,35,34.3,41.4,12.20%,2.40%,12.20%,0.00%,41.50%,50.1
Thaddeus Young,BKN,73,45,5.20%,0.84,38,16,38,42.1,50,2.20%,13.30%,2.20%,0.00%,35.60%,68.5
Tony Parker,SAS,72,53,7.30%,0.75,40,15,46,32.6,39.1,5.70%,9.40%,3.80%,1.90%,32.10%,81.8
Nick Young,LAL,54,35,13.50%,1.11,39,16,32,50,59.4,2.90%,5.70%,2.90%,0.00%,48.60%,23.5
Marvin Williams,CHA,81,44,5.60%,0.93,41,18,40,45,48.8,2.30%,6.80%,2.30%,0.00%,43.20%,48.2
Patrick Beverley,HOU,71,45,6.40%,0.89,40,17,40,42.5,48.8,2.20%,8.90%,2.20%,0.00%,40.00%,58.4
Kyle Lowry,TOR,77,53,6.10%,0.75,40,16,48,33.3,37.5,5.70%,5.70%,3.80%,1.90%,34.00%,81.8
Emmanuel Mudiay,DEN,68,59,7.50%,0.73,43,14,49,28.6,38.8,6.80%,10.20%,3.40%,0.00%,30.50%,86.6
Jerryd Bayless,MIL,52,41,8.60%,1,41,15,32,46.9,57.8,9.80%,14.60%,12.20%,4.90%,41.50%,36.6
Andre Iguodala,GSW,65,41,7.30%,1,41,15,35,42.9,47.1,12.20%,4.90%,9.80%,2.40%,46.30%,36.6
Paul Millsap,ATL,81,46,4.60%,0.89,41,15,41,36.6,43.9,6.50%,6.50%,6.50%,2.20%,37.00%,57.4
Shabazz Muhammad,MIN,82,55,11.90%,0.82,45,17,50,34,42,3.60%,5.50%,3.60%,0.00%,34.50%,72.1
Isaiah Thomas,BOS,82,57,7.10%,0.84,48,17,47,36.2,41.5,8.80%,8.80%,7.00%,0.00%,38.60%,68.8
Jose Calderon,NYK,72,37,5.00%,1.14,42,15,32,46.9,56.3,8.10%,8.10%,8.10%,2.70%,45.90%,20.5
Stephen Curry,GSW,79,56,5.50%,0.8,45,18,53,34,38.7,3.60%,3.60%,3.60%,1.80%,33.90%,74.1
Mirza Teletovic,PHX,79,40,6.80%,1.08,43,17,36,47.2,59.7,0.00%,10.00%,0.00%,0.00%,42.50%,30.1
Maurice Harkless,POR,78,50,11.00%,1.02,51,20,44,45.5,53.4,4.00%,6.00%,6.00%,0.00%,44.00%,34.2
Kevin Martin,MIN,39,46,19.90%,0.93,43,18,40,45,47.5,8.70%,8.70%,8.70%,4.30%,43.50%,47.3
Iman Shumpert,CLE,54,47,9.90%,0.91,43,16,40,40,45,8.50%,6.40%,8.50%,0.00%,42.60%,53
Tony Snell,CHI,64,57,12.40%,0.75,43,17,48,35.4,36.5,8.80%,8.80%,8.80%,1.80%,36.80%,82.1
JJ Redick,LAC,75,76,11.80%,0.57,43,18,72,25,28.5,2.60%,2.60%,2.60%,0.00%,26.30%,94.9
Markel Brown,BKN,63,40,12.10%,1.23,49,16,32,50,62.5,15.00%,5.00%,15.00%,0.00%,55.00%,11.6
Gerald Henderson,POR,72,49,12.40%,0.94,46,19,44,43.2,50,2.00%,8.20%,2.00%,0.00%,40.80%,46
Deron Williams,DAL,65,43,5.70%,1.05,45,16,36,44.4,52.8,9.30%,9.30%,11.60%,4.70%,41.90%,31.8
Jamal Crawford,LAC,79,45,8.70%,1,45,16,39,41,53.8,4.40%,8.90%,4.40%,0.00%,40.00%,36.6
Serge Ibaka,OKC,78,41,4.50%,1.12,46,16,30,53.3,60,19.50%,12.20%,17.10%,4.90%,53.70%,22.6
Ricky Rubio,MIN,76,47,5.40%,1.02,48,19,43,44.2,53.5,2.10%,6.40%,2.10%,0.00%,42.60%,33.7
Langston Galloway,NYK,82,70,9.00%,0.77,54,21,62,33.9,40.3,4.30%,8.60%,4.30%,1.40%,32.90%,80.4
Brandon Rush,GSW,72,30,8.90%,1.57,47,19,28,67.9,80.4,3.30%,3.30%,3.30%,0.00%,66.70%,1.2
Michael Carter-Williams,MIL,54,48,8.00%,0.98,47,17,42,40.5,47.6,6.30%,6.30%,4.20%,0.00%,41.70%,40.2
Jrue Holiday,NOP,65,58,7.20%,0.81,47,17,51,33.3,41.2,5.20%,8.60%,5.20%,1.70%,32.80%,73.2
Wayne Ellington,BKN,76,72,15.30%,0.68,49,19,62,30.6,37.1,4.20%,9.70%,4.20%,0.00%,29.20%,89.9
Alonzo Gee,NOP,73,47,8.60%,1.02,48,18,44,40.9,50,6.40%,2.10%,6.40%,2.10%,42.60%,33.7
Luc Mbah a Moute,LAC,75,58,11.40%,0.86,50,19,53,35.8,40.6,8.60%,3.40%,8.60%,3.40%,37.90%,64.5
Kobe Bryant,LAL,66,64,12.70%,0.91,58,19,55,34.5,44.5,7.80%,6.30%,7.80%,0.00%,35.90%,55.4
Dwyane Wade,MIA,74,72,12.50%,0.74,53,19,67,28.4,36.6,4.20%,4.20%,4.20%,1.40%,29.20%,85.1
Austin Rivers,LAC,67,46,7.90%,1.17,54,20,41,48.8,62.2,4.30%,6.50%,4.30%,0.00%,47.80%,15.2
Bradley Beal,WAS,55,52,10.20%,0.94,49,18,48,37.5,46.9,3.80%,3.80%,3.80%,0.00%,38.50%,45.2
Corey Brewer,HOU,82,56,9.30%,0.88,49,17,47,36.2,43.6,7.10%,8.90%,3.60%,0.00%,37.50%,61.3
Omri Casspi,SAC,69,54,10.10%,0.91,49,16,40,40,47.5,9.30%,18.50%,9.30%,1.90%,37.00%,54.8
Stanley Johnson,DET,73,62,12.10%,0.82,51,18,48,37.5,44.8,6.50%,16.10%,6.50%,0.00%,35.50%,71.1
Darren Collison,SAC,74,40,5.20%,1.25,50,21,37,56.8,64.9,2.50%,5.00%,2.50%,0.00%,55.00%,9.3
Lance Thomas,NYK,59,54,12.60%,0.93,50,19,47,40.4,44.7,7.40%,5.60%,7.40%,0.00%,42.60%,50.7
Jeff Teague,ATL,79,56,6.70%,1,56,21,51,41.2,52.9,3.60%,7.10%,3.60%,1.80%,39.30%,36.6
Wesley Johnson,LAC,80,53,9.20%,1.02,54,20,42,47.6,53.6,11.30%,11.30%,9.40%,1.90%,47.20%,34.5
Harrison Barnes,GSW,66,63,10.50%,0.83,52,19,51,37.3,39.2,11.10%,7.90%,9.50%,0.00%,41.30%,70.5
Doug McDermott,CHI,81,65,13.10%,0.83,54,21,60,35,41.7,4.60%,4.60%,4.60%,1.50%,35.40%,69.9
Rondae Hollis-Jefferson,BKN,29,38,16.80%,1.42,54,20,32,62.5,76.6,5.30%,10.50%,5.30%,0.00%,57.90%,3.3
Marcus Smart,BOS,61,60,9.90%,0.93,56,19,49,38.8,50,5.00%,13.30%,3.30%,0.00%,36.70%,47.8
Tony Allen,MEM,64,58,12.00%,0.9,52,18,49,36.7,43.9,8.60%,6.90%,8.60%,0.00%,37.90%,56.8
Carmelo Anthony,NYK,72,64,10.70%,0.81,52,19,53,35.8,44.3,4.70%,12.50%,4.70%,0.00%,34.40%,72.9
Russell Westbrook,OKC,80,69,8.20%,0.8,55,21,64,32.8,41.4,2.90%,4.30%,2.90%,0.00%,33.30%,75
Derrick Williams,NYK,80,38,8.40%,1.39,53,21,35,60,68.6,7.90%,2.60%,7.90%,2.60%,60.50%,4.5
Jerami Grant,PHI,77,60,8.10%,0.98,59,20,53,37.7,48.1,8.30%,5.00%,8.30%,1.70%,40.00%,39.9
Raymond Felton,DAL,80,61,9.30%,0.92,56,21,58,36.2,45.7,3.30%,1.60%,3.30%,0.00%,37.70%,52.1
Klay Thompson,GSW,80,84,9.10%,0.69,58,18,74,24.3,32.4,7.10%,4.80%,7.10%,0.00%,28.60%,89
J.J. Barea,DAL,74,37,5.90%,1.46,54,21,35,60,74.3,5.40%,5.40%,5.40%,5.40%,56.80%,2.4
Kemba Walker,CHA,81,67,6.10%,0.84,56,21,62,33.9,42.7,3.00%,6.00%,3.00%,1.50%,32.80%,69.6
Kyle Korver,ATL,80,75,10.60%,0.77,58,22,68,32.4,38.2,5.30%,5.30%,5.30%,1.30%,33.30%,80.1
Dante Cunningham,NOP,80,58,8.90%,1,58,20,51,39.2,49,6.90%,5.20%,6.90%,0.00%,41.40%,36.6
Jae Crowder,BOS,73,77,9.20%,0.75,58,21,66,31.8,38.6,5.20%,10.40%,3.90%,1.30%,31.20%,82.4
Reggie Jackson,DET,79,53,6.00%,1.06,56,23,45,51.1,57.8,5.70%,11.30%,3.80%,1.90%,47.20%,31
Richard Jefferson,CLE,74,45,10.70%,1.27,57,21,39,53.8,69.2,4.40%,8.90%,4.40%,0.00%,51.10%,8.7
Tayshaun Prince,MIN,77,59,13.30%,1.05,62,23,53,43.4,52.8,5.10%,5.10%,5.10%,0.00%,44.10%,31.5
Jeremy Lin,CHA,78,65,9.30%,0.97,63,22,53,41.5,49.1,10.80%,9.20%,7.70%,1.50%,41.50%,42.6
John Wall,WAS,77,66,6.80%,0.86,57,21,56,37.5,46.4,4.50%,10.60%,4.50%,0.00%,36.40%,63.9
Garrett Temple,WAS,80,69,9.10%,0.87,60,20,56,35.7,43.8,8.70%,11.60%,8.70%,1.40%,36.20%,62.3
LeBron James,CLE,76,78,11.90%,0.74,58,21,65,32.3,40.8,3.80%,12.80%,2.60%,0.00%,30.80%,84.5
Victor Oladipo,ORL,72,83,10.00%,0.72,60,23,66,34.8,39.4,4.80%,16.90%,4.80%,1.20%,31.30%,87.5
Sasha Vujacic,NYK,61,55,16.50%,1.27,70,27,50,54,64,5.50%,3.60%,3.60%,0.00%,54.50%,7.5
Goran Dragic,MIA,72,55,6.90%,1.11,61,21,48,43.8,52.1,10.90%,3.60%,10.90%,1.80%,47.30%,23.8
Marco Belinelli,SAC,68,54,12.10%,1.15,62,23,46,50,63,5.60%,13.00%,5.60%,3.70%,44.40%,17.6
Otto Porter Jr.,WAS,75,64,9.10%,1,64,29,58,50,54.3,1.60%,9.40%,1.60%,1.60%,45.30%,36.6
Giannis Antetokounmpo,MIL,80,79,8.70%,0.89,70,25,63,39.7,47.6,8.90%,13.90%,7.60%,2.50%,38.00%,58.9
Elfrid Payton,ORL,73,47,5.70%,1.38,65,25,41,61,74.4,4.30%,8.50%,4.30%,0.00%,57.40%,5.4
George Hill,IND,74,68,6.70%,0.97,66,22,58,37.9,48.3,7.40%,7.40%,5.90%,0.00%,39.70%,42.3
Hollis Thompson,PHI,77,82,13.70%,0.91,75,33,75,44,48,2.40%,7.30%,1.20%,1.20%,41.50%,53.3
Luol Deng,MIA,74,74,10.00%,0.85,63,26,65,40,46.2,4.10%,10.80%,4.10%,2.70%,36.50%,66.7
CJ McCollum,POR,80,87,9.30%,0.75,65,28,80,35,38.1,3.40%,4.60%,3.40%,0.00%,34.50%,84.2
Terrence Ross,TOR,73,60,10.30%,1.08,65,26,54,48.1,56.5,3.30%,6.70%,1.70%,0.00%,46.70%,26.9
Ben McLemore,SAC,68,87,16.40%,0.82,71,23,69,33.3,37.7,12.60%,10.30%,11.50%,2.30%,36.80%,72.6
Thabo Sefolosha,ATL,75,94,13.60%,0.73,69,24,78,30.8,36.5,8.50%,10.60%,8.50%,2.10%,30.90%,85.4
Evan Turner,BOS,81,77,9.60%,0.88,68,28,69,40.6,47.8,3.90%,6.50%,3.90%,0.00%,39.00%,59.2
Matt Barnes,MEM,76,83,10.70%,0.95,79,29,70,41.4,50,9.60%,7.20%,7.20%,1.20%,42.20%,43.8
Jeremy Lamb,CHA,66,70,15.30%,1,70,28,61,45.9,51.6,5.70%,8.60%,5.70%,1.40%,44.30%,36.6
Jabari Parker,MIL,76,62,7.40%,1.13,70,24,50,48,62,6.50%,12.90%,6.50%,0.00%,45.20%,22
Brandon Knight,PHX,52,70,10.20%,1,70,24,58,41.4,52.6,8.60%,10.00%,7.10%,1.40%,41.40%,36.6
Gerald Green,MIA,69,74,14.60%,0.95,70,27,68,39.7,47.1,5.40%,4.10%,4.10%,1.40%,40.50%,44.6
Andre Roberson,OKC,70,82,14.00%,0.88,72,29,73,39.7,43.8,6.10%,6.10%,6.10%,1.20%,40.20%,60
Louis Williams,LAL,67,90,14.70%,0.78,70,27,83,32.5,37.3,6.70%,3.30%,6.70%,2.20%,34.40%,79.2
Damian Lillard,POR,75,66,6.40%,1.08,71,26,60,43.3,54.2,4.50%,4.50%,3.00%,0.00%,43.90%,29.8
DAngelo Russell,LAL,80,75,9.00%,0.95,71,27,72,37.5,47.2,2.70%,2.70%,2.70%,1.30%,37.30%,44.3
Rodney Hood,UTA,80,82,11.30%,0.93,76,28,70,40,48.6,7.30%,9.80%,7.30%,2.40%,39.00%,50.1
Rajon Rondo,SAC,72,85,9.60%,0.85,72,27,73,37,43.8,5.90%,9.40%,4.70%,1.20%,36.50%,67.9
Justise Winslow,MIA,78,93,10.80%,0.77,72,29,83,34.9,41,5.40%,5.40%,6.50%,1.10%,33.30%,79.7
Dion Waiters,OKC,78,86,12.20%,0.85,73,29,77,37.7,42.2,5.80%,7.00%,4.70%,2.30%,37.20%,67.3
Rudy Gay,SAC,70,63,8.20%,1.22,77,29,58,50,64.7,1.60%,6.30%,1.60%,0.00%,47.60%,11.9
DeMar DeRozan,TOR,78,89,12.30%,0.88,78,34,77,44.2,50.6,1.10%,13.50%,1.10%,1.10%,38.20%,60.4
Danilo Gallinari,DEN,53,66,12.20%,1.15,76,29,62,46.8,58.1,3.00%,3.00%,3.00%,0.00%,47.00%,17.3
Isaiah Canaan,PHI,77,76,13.40%,1,76,30,68,44.1,52.9,2.60%,7.90%,1.30%,0.00%,42.10%,36.6
PJ Tucker,PHX,82,83,10.20%,0.94,78,32,75,42.7,48.7,6.00%,3.60%,6.00%,1.20%,42.20%,45.5
Chris Paul,LAC,75,60,6.90%,1.32,79,25,47,53.2,66,16.70%,6.70%,11.70%,1.70%,56.70%,6.3
Kevin Durant,OKC,72,88,10.60%,0.92,81,32,80,40,46.9,3.40%,5.70%,2.30%,0.00%,39.80%,51.5
Danny Green,SAS,79,91,13.20%,0.89,81,30,74,40.5,45.9,8.80%,8.80%,9.90%,0.00%,40.70%,57.7
Evan Fournier,ORL,79,98,12.00%,0.91,89,35,84,41.7,48.2,5.10%,10.20%,4.10%,1.00%,39.80%,54.5
Devin Booker,PHX,76,75,11.50%,1.19,89,35,69,50.7,58.7,6.70%,1.30%,6.70%,0.00%,53.30%,14.9
Jimmy Butler,CHI,67,89,10.20%,0.94,84,33,78,42.3,50.6,4.50%,10.10%,4.50%,2.20%,39.30%,44.9
Bojan Bogdanovic,BKN,79,79,12.10%,1.06,84,33,70,47.1,55,7.60%,6.30%,7.60%,2.50%,46.80%,30.4
Khris Middleton,MIL,79,97,10.90%,0.93,90,32,80,40,49.4,8.20%,10.30%,6.20%,1.00%,40.20%,49.7
Monta Ellis,IND,81,116,12.90%,0.73,85,33,99,33.3,38.9,5.20%,9.50%,5.20%,0.00%,33.60%,86
Nik Stauskas,PHI,73,83,14.50%,1.11,92,38,73,52.1,58.9,4.80%,8.40%,4.80%,1.20%,49.40%,24.1
Will Barton,DEN,82,89,13.10%,0.98,87,34,79,43,51.3,5.60%,7.90%,3.40%,2.20%,41.60%,40.5
Kent Bazemore,ATL,75,113,15.00%,0.82,93,39,103,37.9,44.2,1.80%,8.00%,1.80%,0.90%,35.40%,70.8
Gordon Hayward,UTA,80,85,12.80%,1.08,92,33,70,47.1,57.9,7.10%,10.60%,3.50%,0.00%,45.90%,27.4
Nicolas Batum,CHA,70,98,13.90%,0.94,92,35,88,39.8,46.6,7.10%,5.10%,7.10%,2.00%,40.80%,46
Avery Bradley,BOS,76,89,10.60%,1.09,97,36,75,48,56.7,10.10%,7.90%,10.10%,2.20%,48.30%,26.5
Andrew Wiggins,MIN,81,100,10.30%,1.03,103,41,94,43.6,52.1,4.00%,3.00%,4.00%,1.00%,44.00%,33.3
Marcus Morris,DET,80,108,12.30%,0.86,93,34,94,36.2,44.7,4.60%,9.30%,4.60%,0.90%,35.20%,65.1
Kawhi Leonard,SAS,72,96,12.60%,1.05,101,37,84,44,51.2,10.40%,6.30%,10.40%,4.20%,44.80%,31.3
Arron Afflalo,NYK,71,107,16.40%,0.91,97,39,96,40.6,47.4,3.70%,6.50%,3.70%,0.00%,40.20%,55.1
Trevor Ariza,HOU,82,99,11.60%,1.13,112,37,80,46.3,57.5,11.10%,8.10%,10.10%,1.00%,47.50%,21.4
James Harden,HOU,82,100,10.20%,1.1,110,36,86,41.9,55.8,7.00%,7.00%,6.00%,0.00%,43.00%,24.8
Allen Crabbe,POR,81,88,12.50%,1.19,105,34,73,46.6,60.3,12.50%,5.70%,10.20%,1.10%,50.00%,14
Gary Harris,DEN,76,107,13.60%,1.04,111,45,89,50.6,59,4.70%,13.10%,3.70%,0.90%,44.90%,32.7
Paul George,IND,81,121,12.10%,0.92,111,43,98,43.9,50.5,7.40%,12.40%,7.40%,0.80%,41.30%,52.4
Jordan Clarkson,LAL,79,99,10.40%,1.19,118,42,85,49.4,60.6,13.10%,5.10%,13.10%,5.10%,49.50%,14.3
Zach LaVine,MIN,82,97,11.80%,1.25,121,47,89,52.8,66.9,1.00%,7.20%,1.00%,0.00%,49.50%,10.1
JR Smith,CLE,77,105,15.20%,1.2,126,42,88,47.7,56.3,12.40%,5.70%,12.40%,1.90%,50.50%,13.2
Kentavious Caldwell-Pope,DET,76,130,12.80%,0.94,122,43,112,38.4,45.1,10.00%,6.20%,9.20%,2.30%,40.80%,46.4
Wesley Matthews,DAL,78,118,14.10%,1.06,125,44,103,42.7,52.4,7.60%,5.90%,6.80%,0.80%,44.10%,30.7